Arma_empleada,Conteo,Porcentaje
SIN EMPLEO DE ARMAS,74836,51.23367198838898
ARMA DE FUEGO,27302,18.69129446559137
ARMA BLANCA / CORTOPUNZANTE,27203,18.623517813621053
CONTUNDENTES,15017,10.2808281074568
ESCOPOLAMINA,1403,0.9605115425692143
CORTANTES,217,0.1485609442177616
PERRO,70,0.047922885231536
ARMAS BLANCAS,13,0.0088999644001424
JERINGA,7,0.0047922885231536
